Datetime,Water Level (m)
2025-12-17 12:00:00,-0.7096585
2025-12-17 13:00:00,-0.1403939
2025-12-17 14:00:00,0.46516964
2025-12-17 15:00:00,0.96128243
2025-12-17 16:00:00,1.2109858
2025-12-17 17:00:00,1.1710888
2025-12-17 18:00:00,0.8724097
2025-12-17 19:00:00,0.31541348
2025-12-17 20:00:00,-0.40505025
2025-12-17 21:00:00,-1.0715315
2025-12-17 22:00:00,-1.5260993
2025-12-17 23:00:00,-1.6467516
2025-12-18 00:00:00,-1.363876
2025-12-18 01:00:00,-0.7978446
2025-12-18 02:00:00,-0.19398233
2025-12-18 03:00:00,0.31969303
2025-12-18 04:00:00,0.6551107
2025-12-18 05:00:00,0.6937545
2025-12-18 06:00:00,0.43143877
2025-12-18 07:00:00,-0.021817822
2025-12-18 08:00:00,-0.5921281
2025-12-18 09:00:00,-1.1767217
2025-12-18 10:00:00,-1.5656989
2025-12-18 11:00:00,-1.6142055
2025-12-18 12:00:00,-1.2377943
2025-12-18 13:00:00,-0.57905406
2025-12-18 14:00:00,0.13655773
2025-12-18 15:00:00,0.8061056
2025-12-18 16:00:00,1.2768984
2025-12-18 17:00:00,1.396887
2025-12-18 18:00:00,1.186012
2025-12-18 19:00:00,0.70303124
2025-12-18 20:00:00,0.03385233
2025-12-18 21:00:00,-0.712003
2025-12-18 22:00:00,-1.3462645
2025-12-18 23:00:00,-1.7195717
2025-12-19 00:00:00,-1.7041957
2025-12-19 01:00:00,-1.2554353
2025-12-19 02:00:00,-0.5842183
2025-12-19 03:00:00,0.058938906
2025-12-19 04:00:00,0.56306183
2025-12-19 05:00:00,0.8083863
2025-12-19 06:00:00,0.6924055
2025-12-19 07:00:00,0.3076774
2025-12-19 08:00:00,-0.24119712
2025-12-19 09:00:00,-0.8558689
2025-12-19 10:00:00,-1.4138532
2025-12-19 11:00:00,-1.6974982
2025-12-19 12:00:00,-1.5629333
2025-12-19 13:00:00,-1.0037943
2025-12-19 14:00:00,-0.27490583
2025-12-19 15:00:00,0.4713144
2025-12-19 16:00:00,1.1295345
2025-12-19 17:00:00,1.4903665
2025-12-19 18:00:00,1.4429884
2025-12-19 19:00:00,1.0884211
2025-12-19 20:00:00,0.47511488
2025-12-19 21:00:00,-0.28906918
2025-12-19 22:00:00,-1.0460701
2025-12-19 23:00:00,-1.620474
2025-12-20 00:00:00,-1.8574365
2025-12-20 01:00:00,-1.6131791
2025-12-20 02:00:00,-0.98447526
2025-12-20 03:00:00,-0.28441167
2025-12-20 04:00:00,0.32806647
2025-12-20 05:00:00,0.762592
2025-12-20 06:00:00,0.8722949
2025-12-20 07:00:00,0.60921633
2025-12-20 08:00:00,0.13053343
2025-12-20 09:00:00,-0.48783982
2025-12-20 10:00:00,-1.1388465
2025-12-20 11:00:00,-1.6259285
2025-12-20 12:00:00,-1.7635789
2025-12-20 13:00:00,-1.4280211
2025-12-20 14:00:00,-0.7368086
2025-12-20 15:00:00,0.03976489
2025-12-20 16:00:00,0.8011152
2025-12-20 17:00:00,1.3764447
2025-12-20 18:00:00,1.565776
2025-12-20 19:00:00,1.3582209
2025-12-20 20:00:00,0.86278874
2025-12-20 21:00:00,0.15600204
2025-12-20 22:00:00,-0.6617431
2025-12-20 23:00:00,-1.3899779
2025-12-21 00:00:00,-1.8705922
2025-12-21 01:00:00,-1.930368
2025-12-21 02:00:00,-1.462953
2025-12-21 03:00:00,-0.7207343
2025-12-21 04:00:00,-0.007553813
2025-12-21 05:00:00,0.57266474
2025-12-21 06:00:00,0.8997504
2025-12-21 07:00:00,0.8304
2025-12-21 08:00:00,0.43977836
2025-12-21 09:00:00,-0.124210574
2025-12-21 10:00:00,-0.76859367
2025-12-21 11:00:00,-1.3967175
2025-12-21 12:00:00,-1.7694376
2025-12-21 13:00:00,-1.7388109
2025-12-21 14:00:00,-1.2304418
2025-12-21 15:00:00,-0.4570518
2025-12-21 16:00:00,0.35333875
2025-12-21 17:00:00,1.0898247
2025-12-21 18:00:00,1.5365865
2025-12-21 19:00:00,1.5382946
2025-12-21 20:00:00,1.1771133
2025-12-21 21:00:00,0.54760563
2025-12-21 22:00:00,-0.2325765
2025-12-21 23:00:00,-1.0431226
2025-12-22 00:00:00,-1.685154
2025-12-22 01:00:00,-2.0003016
2025-12-22 02:00:00,-1.8122877
2025-12-22 03:00:00,-1.155365
2025-12-22 04:00:00,-0.40218395
2025-12-22 05:00:00,0.25672302
2025-12-22 06:00:00,0.7627158
2025-12-22 07:00:00,0.948094
2025-12-22 08:00:00,0.72852
2025-12-22 09:00:00,0.26147535
2025-12-22 10:00:00,-0.35371873
2025-12-22 11:00:00,-1.0041926
2025-12-22 12:00:00,-1.5457963
2025-12-22 13:00:00,-1.7919711
2025-12-22 14:00:00,-1.5948868
2025-12-22 15:00:00,-0.9343127
2025-12-22 16:00:00,-0.100511454
2025-12-22 17:00:00,0.71004134
2025-12-22 18:00:00,1.3454452
2025-12-22 19:00:00,1.607886
2025-12-22 20:00:00,1.4226379
2025-12-22 21:00:00,0.92937714
2025-12-22 22:00:00,0.21632959
2025-12-22 23:00:00,-0.5963202
2025-12-23 00:00:00,-1.3312892
2025-12-23 01:00:00,-1.8411816
2025-12-23 02:00:00,-1.9630631
2025-12-23 03:00:00,-1.559647
2025-12-23 04:00:00,-0.83002293
2025-12-23 05:00:00,-0.106191024
2025-12-23 06:00:00,0.51823103
2025-12-23 07:00:00,0.93185186
2025-12-23 08:00:00,0.96109676
2025-12-23 09:00:00,0.62167627
2025-12-23 10:00:00,0.08538754
2025-12-23 11:00:00,-0.551201
2025-12-23 12:00:00,-1.1880845
